"102928006","2016-12-12 00:00:00.0","2018-07-01 00:00:00.0","India"
"103617227","2012-02-02 00:00:00.0","2011-12-03 00:00:00.0","Russia"
"104845464","2012-05-06 00:00:00.0","2013-12-07 00:00:00.0","Benin"
"105117976","2015-05-08 00:00:00.0","2015-09-09 00:00:00.0","Ukraine"
"105390059","2018-06-07 00:00:00.0","2018-01-08 00:00:00.0","Cote d'Ivoire"
"105558288","2014-06-08 00:00:00.0","2014-07-08 00:00:00.0","Yemen"
"105966842","2018-03-04 00:00:00.0","2018-07-05 00:00:00.0","Democratic Republic of the Congo"
"106578814","2015-09-08 00:00:00.0","2014-02-10 00:00:00.0","Tajikistan"
"106753051","2011-08-11 00:00:00.0","2012-02-11 00:00:00.0","Haiti"
"107005393","2012-08-03 00:00:00.0","2011-04-05 00:00:00.0","Macedonia"
"107172334","2017-08-11 00:00:00.0","2017-11-12 00:00:00.0","Japan"
"108989799","2015-07-10 00:00:00.0","2013-09-12 00:00:00.0","Ghana"
"109228837","2015-05-11 00:00:00.0","2013-07-12 00:00:00.0","Ghana"
"109358012","2018-06-06 00:00:00.0","2017-10-07 00:00:00.0","Vietnam"
"109653699","2016-08-12 00:00:00.0","2017-06-01 00:00:00.0","Sweden"
"109694898","2015-04-09 00:00:00.0","2014-04-10 00:00:00.0","Seychelles "
"109724509","2013-11-05 00:00:00.0","2013-04-06 00:00:00.0","New Zealand"
"109956681","2015-12-07 00:00:00.0","2016-12-07 00:00:00.0","Djibouti"
"109966123","2011-06-05 00:00:00.0","2010-05-06 00:00:00.0","Liberia"
"110442054","2015-09-10 00:00:00.0","2015-08-11 00:00:00.0","Dominican Republic"
"110667788","2015-08-08 00:00:00.0","2015-10-09 00:00:00.0","Guinea-Bissau"
"115309941","2012-08-03 00:00:00.0","2011-06-04 00:00:00.0","United Arab Emirates"
"116699969","2015-09-10 00:00:00.0","2015-06-11 00:00:00.0","Luxembourg"
"118002879","2016-01-01 00:00:00.0","2016-07-01 00:00:00.0","Mauritius "
"118598544","2014-12-12 00:00:00.0","2015-07-01 00:00:00.0","Fiji"
"123670709","2016-03-01 00:00:00.0","2016-01-02 00:00:00.0","Niger"
"125870978","2016-03-10 00:00:00.0","2015-08-11 00:00:00.0","Angola"
"126767909","2010-07-04 00:00:00.0","2011-10-05 00:00:00.0","Norway"
"127468717","2012-08-02 00:00:00.0","2011-09-03 00:00:00.0","Algeria"
"127589738","2012-09-03 00:00:00.0","2011-02-04 00:00:00.0","Italy"
"128090989","2015-05-04 00:00:00.0","2017-03-04 00:00:00.0","Tanzania"
"129268586","2017-03-05 00:00:00.0","2018-09-06 00:00:00.0","Botswana"
"131209647","2012-09-04 00:00:00.0","2012-03-05 00:00:00.0","Romania"
"131482589","2011-02-01 00:00:00.0","2011-08-01 00:00:00.0","Nauru"
"132082116","2013-02-06 00:00:00.0","2013-10-07 00:00:00.0","Mozambique"
"133276879","2010-04-09 00:00:00.0","2011-05-10 00:00:00.0","Bahrain"
"133336961","2014-05-04 00:00:00.0","2013-01-06 00:00:00.0","Saint Lucia"
"133362710","2014-12-02 00:00:00.0","2015-11-03 00:00:00.0","Tuvalu"
"133766114","2015-09-05 00:00:00.0","2014-12-06 00:00:00.0","Guinea-Bissau"
"133812463","2016-06-07 00:00:00.0","2014-09-08 00:00:00.0","Malawi"
"136931979","2015-10-12 00:00:00.0","2016-01-12 00:00:00.0","Saint Vincent and the Grenadines"
"138867890","2016-11-01 00:00:00.0","2016-10-02 00:00:00.0","Guinea-Bissau"
"139540803","2010-03-11 00:00:00.0","2010-04-12 00:00:00.0","Kiribati"
"140635573","2018-05-02 00:00:00.0","2018-09-03 00:00:00.0","Greece"
"141259562","2015-11-10 00:00:00.0","2014-11-11 00:00:00.0","Angola"
"141812741","2017-12-01 00:00:00.0","2018-12-01 00:00:00.0","Spain"
"141940200","2012-07-11 00:00:00.0","2012-02-01 00:00:00.0","Cyprus"
"141977107","2018-11-03 00:00:00.0","2018-06-04 00:00:00.0","Austria"
"142553031","2015-07-07 00:00:00.0","2013-11-09 00:00:00.0","Bangladesh"
"143657672","2017-12-11 00:00:00.0","2017-08-01 00:00:00.0","Turkmenistan"
"146263062","2017-10-02 00:00:00.0","2018-04-02 00:00:00.0","Belgium"
"147047555","2011-07-07 00:00:00.0","2010-03-09 00:00:00.0","Panama"
"147119653","2012-12-07 00:00:00.0","2012-09-08 00:00:00.0","Bhutan"
"147599017","2012-11-08 00:00:00.0","2013-04-08 00:00:00.0","Zimbabwe"
"148871457","2019-05-05 00:00:00.0","2017-06-07 00:00:00.0","Marshall Islands"
"151807725","2015-01-09 00:00:00.0","2015-05-09 00:00:00.0","Swaziland"
"151839911","2011-05-04 00:00:00.0","2011-10-05 00:00:00.0","Mauritius "
"151854932","2011-02-09 00:00:00.0","2011-07-10 00:00:00.0","Jordan"
"151868665","2012-01-03 00:00:00.0","2013-07-04 00:00:00.0","Saint Lucia"
"154119145","2015-09-08 00:00:00.0","2016-09-09 00:00:00.0","Tunisia "
"155128943","2017-02-03 00:00:00.0","2015-05-05 00:00:00.0","Thailand"
"155710446","2019-01-02 00:00:00.0","2019-01-02 00:00:00.0","Algeria"
"156619393","2012-04-12 00:00:00.0","2012-05-12 00:00:00.0","Niger"
"157244670","2018-05-02 00:00:00.0","2018-03-03 00:00:00.0","North Korea"
"157542073","2012-04-02 00:00:00.0","2011-03-03 00:00:00.0","Papua New Guinea"
"159050118","2015-06-09 00:00:00.0","2013-01-10 00:00:00.0","South Sudan"
"160127294","2015-11-02 00:00:00.0","2015-11-03 00:00:00.0","Philippines"
"160299813","2012-03-03 00:00:00.0","2010-06-04 00:00:00.0","India"
"161442649","2010-10-04 00:00:00.0","2010-12-05 00:00:00.0","Japan"
"162866580","2012-08-07 00:00:00.0","2013-02-07 00:00:00.0","Burkina Faso"
"164569461","2010-03-10 00:00:00.0","2010-05-10 00:00:00.0","Gabon"
"165380990","2012-04-07 00:00:00.0","2014-03-07 00:00:00.0","Georgia"
"165835034","2012-03-01 00:00:00.0","2012-05-01 00:00:00.0","Antigua and Barbuda "
"166013562","2017-07-10 00:00:00.0","2017-02-11 00:00:00.0","Monaco"
"166066348","2011-04-10 00:00:00.0","2010-05-12 00:00:00.0","Kazakhstan"
"166435849","2014-05-05 00:00:00.0","2013-07-06 00:00:00.0","Finland"
"167161977","2013-11-11 00:00:00.0","2014-12-12 00:00:00.0","Gabon"
"167787253","2012-05-06 00:00:00.0","2011-04-07 00:00:00.0","Palau"
"167882096","2014-08-03 00:00:00.0","2016-07-03 00:00:00.0","Morocco"
"169754493","2017-07-12 00:00:00.0","2018-08-01 00:00:00.0","Ethiopia"
"170214545","2017-06-08 00:00:00.0","2017-07-08 00:00:00.0","Togo"
"171131217","2013-12-09 00:00:00.0","2013-08-10 00:00:00.0","Mongolia"
"173571383","2016-10-12 00:00:00.0","2017-11-01 00:00:00.0","Israel"
"175033080","2012-06-10 00:00:00.0","2012-05-11 00:00:00.0","Malaysia"
"175257527","2014-10-08 00:00:00.0","2016-01-09 00:00:00.0","Estonia"
"177901113","2012-06-07 00:00:00.0","2012-01-08 00:00:00.0","Kosovo"
"177950036","2018-08-03 00:00:00.0","2019-05-04 00:00:00.0","Tunisia "
"178377473","2012-05-07 00:00:00.0","2010-01-09 00:00:00.0","Namibia"
"179970920","2015-05-06 00:00:00.0","2017-01-06 00:00:00.0","East Timor"
"180412948","2014-05-08 00:00:00.0","2015-12-08 00:00:00.0","Qatar"
"181045520","2010-06-05 00:00:00.0","2012-03-05 00:00:00.0","Bulgaria"
"183022201","2011-02-09 00:00:00.0","2012-03-10 00:00:00.0","Algeria"
"184170186","2015-04-02 00:00:00.0","2016-05-02 00:00:00.0","Niger"
"185177838","2011-03-06 00:00:00.0","2011-04-07 00:00:00.0","Ukraine"
"185342633","2014-02-10 00:00:00.0","2014-12-11 00:00:00.0","Marshall Islands"
"185941302","2011-07-11 00:00:00.0","2011-08-12 00:00:00.0","Canada"
"186196649","2012-07-04 00:00:00.0","2013-04-05 00:00:00.0","Mauritania"
"191256368","2012-01-10 00:00:00.0","2010-09-11 00:00:00.0","Iraq"
"192721068","2015-05-04 00:00:00.0","2015-08-05 00:00:00.0","Greenland"
"193775498","2014-02-12 00:00:00.0","2015-07-01 00:00:00.0","Sudan"
"194225251","2013-12-06 00:00:00.0","2014-07-06 00:00:00.0","Cape Verde"
"195177543","2018-02-11 00:00:00.0","2017-11-12 00:00:00.0","East Timor"
"195833718","2012-09-02 00:00:00.0","2011-07-04 00:00:00.0","Bahrain"
"195840156","2015-01-06 00:00:00.0","2015-01-07 00:00:00.0","Ethiopia"
"196587741","2017-08-09 00:00:00.0","2018-04-10 00:00:00.0","Taiwan"
"201730287","2012-10-01 00:00:00.0","2013-07-02 00:00:00.0","Niger"
"205300843","2013-09-10 00:00:00.0","2012-03-12 00:00:00.0","Luxembourg"
"206435525","2016-12-12 00:00:00.0","2019-03-01 00:00:00.0","Andorra"
"207395112","2012-02-12 00:00:00.0","2014-02-01 00:00:00.0","Ireland"
"207580077","2011-06-07 00:00:00.0","2011-06-07 00:00:00.0","Rwanda"
"207922542","2013-08-05 00:00:00.0","2012-01-07 00:00:00.0","South Africa"
"208630645","2013-05-05 00:00:00.0","2014-04-06 00:00:00.0","Montenegro"
"210409057","2017-04-10 00:00:00.0","2015-04-12 00:00:00.0","Bangladesh"
"211114585","2010-02-05 00:00:00.0","2011-02-05 00:00:00.0","Equatorial Guinea"
"211201274","2011-09-07 00:00:00.0","2010-09-09 00:00:00.0","Nigeria"
"212058293","2016-07-09 00:00:00.0","2015-06-10 00:00:00.0","Israel"
"212874114","2016-03-07 00:00:00.0","2017-05-08 00:00:00.0","Iran"
"213865458","2014-06-06 00:00:00.0","2014-01-07 00:00:00.0","Belize"
"214743077","2017-11-01 00:00:00.0","2018-06-02 00:00:00.0","El Salvador"
"215434443","2017-01-06 00:00:00.0","2017-06-06 00:00:00.0","Somalia"
"216552817","2012-06-09 00:00:00.0","2014-03-09 00:00:00.0","Mauritius "
"217140328","2014-08-10 00:00:00.0","2016-06-10 00:00:00.0","Liberia"
"218629920","2015-08-09 00:00:00.0","2016-08-10 00:00:00.0","Oman"
"219034612","2016-04-11 00:00:00.0","2014-10-12 00:00:00.0","Zimbabwe"
"219607102","2018-07-07 00:00:00.0","2017-01-08 00:00:00.0","United Kingdom"
"219762027","2014-07-05 00:00:00.0","2016-04-05 00:00:00.0","Syria"
"220003211","2012-03-02 00:00:00.0","2011-06-03 00:00:00.0","Montenegro"
"221007430","2012-07-10 00:00:00.0","2011-10-11 00:00:00.0","Bhutan"
"221062791","2014-04-03 00:00:00.0","2013-06-04 00:00:00.0","Poland"
"221530139","2011-08-01 00:00:00.0","2013-02-01 00:00:00.0","Russia"
"221975171","2010-09-04 00:00:00.0","2011-05-05 00:00:00.0","Tunisia "
"224287021","2016-02-04 00:00:00.0","2015-05-05 00:00:00.0","Turkey"
"225666320","2016-12-07 00:00:00.0","2017-09-08 00:00:00.0","Malta"
"226077878","2012-11-09 00:00:00.0","2013-11-10 00:00:00.0","Georgia"
"227486360","2012-08-05 00:00:00.0","2011-08-06 00:00:00.0","Tonga"
"228097045","2017-08-05 00:00:00.0","2018-05-06 00:00:00.0","Romania"
"228836476","2018-01-02 00:00:00.0","2018-01-03 00:00:00.0","Cape Verde"
"229571187","2015-05-09 00:00:00.0","2016-06-09 00:00:00.0","Swaziland"
"232155120","2014-07-02 00:00:00.0","2015-06-03 00:00:00.0","Philippines"
"232389438","2012-03-01 00:00:00.0","2012-08-01 00:00:00.0","Laos"
"234073007","2011-06-10 00:00:00.0","2012-08-11 00:00:00.0","Ireland"
"234825313","2017-07-03 00:00:00.0","2017-11-03 00:00:00.0","Kenya"
"235702931","2013-05-03 00:00:00.0","2012-03-04 00:00:00.0","Mali"
"236911857","2015-12-01 00:00:00.0","2016-01-02 00:00:00.0","Somalia"
"237660729","2016-04-04 00:00:00.0","2018-06-04 00:00:00.0","Vatican City"
"238414323","2012-03-02 00:00:00.0","2014-03-02 00:00:00.0","Nigeria"
"238714301","2010-07-08 00:00:00.0","2011-01-09 00:00:00.0","El Salvador"
"241281497","2014-02-02 00:00:00.0","2014-03-03 00:00:00.0","Sudan"
"242024362","2017-01-02 00:00:00.0","2017-05-03 00:00:00.0","Oman"
"243102395","2014-06-04 00:00:00.0","2014-06-04 00:00:00.0","Democratic Republic of the Congo"
"243882596","2015-08-04 00:00:00.0","2015-11-05 00:00:00.0","Angola"
"245042169","2016-06-11 00:00:00.0","2017-03-12 00:00:00.0","El Salvador"
"246222341","2018-07-10 00:00:00.0","2016-09-12 00:00:00.0","Libya"
"247776305","2010-12-11 00:00:00.0","2012-06-11 00:00:00.0","Sweden"
"247802054","2014-03-08 00:00:00.0","2012-08-09 00:00:00.0","Senegal"
"247857415","2013-04-02 00:00:00.0","2014-03-02 00:00:00.0","Bosnia and Herzegovina"
"248093020","2010-01-12 00:00:00.0","2011-04-12 00:00:00.0","Israel"
"248121345","2010-12-08 00:00:00.0","2011-02-09 00:00:00.0","Hungary"
"248178422","2012-07-03 00:00:00.0","2013-10-03 00:00:00.0","Iceland"
"248335492","2013-03-04 00:00:00.0","2013-04-04 00:00:00.0","Belarus"
"249237573","2012-01-02 00:00:00.0","2013-09-02 00:00:00.0","Gabon"
"251466166","2010-06-08 00:00:00.0","2010-08-09 00:00:00.0","Ghana"
"251529252","2014-06-04 00:00:00.0","2012-05-05 00:00:00.0","Republic of the Congo"
"251621949","2013-06-09 00:00:00.0","2013-08-10 00:00:00.0","Guinea"
"251753699","2014-04-03 00:00:00.0","2015-12-03 00:00:00.0","Solomon Islands"
"251800048","2015-01-05 00:00:00.0","2015-10-05 00:00:00.0","Bhutan"
"252557933","2017-09-10 00:00:00.0","2016-04-11 00:00:00.0","Republic of the Congo"
"253407227","2013-07-02 00:00:00.0","2014-03-02 00:00:00.0","The Bahamas"
"254291713","2014-01-08 00:00:00.0","2014-03-08 00:00:00.0","Mali"
"254927718","2012-05-08 00:00:00.0","2011-07-09 00:00:00.0","Bangladesh"
"256158959","2013-05-01 00:00:00.0","2014-06-01 00:00:00.0","Botswana"
"256243503","2017-02-07 00:00:00.0","2018-11-07 00:00:00.0","Cuba"
"256994950","2010-10-01 00:00:00.0","2011-07-02 00:00:00.0","Central African Republic"
"257890164","2011-01-12 00:00:00.0","2013-05-12 00:00:00.0","Fiji"
"257915914","2014-03-09 00:00:00.0","2013-06-10 00:00:00.0","Andorra"
"261765420","2014-07-05 00:00:00.0","2013-05-07 00:00:00.0","Belarus"
"262056386","2010-04-09 00:00:00.0","2011-12-10 00:00:00.0","Jamaica"
"262749040","2017-02-08 00:00:00.0","2017-06-08 00:00:00.0","Israel"
"262770926","2013-03-01 00:00:00.0","2013-08-02 00:00:00.0","Kenya"
"263080346","2013-09-12 00:00:00.0","2014-02-12 00:00:00.0","Dominican Republic"
"263506495","2015-01-12 00:00:00.0","2016-02-12 00:00:00.0","Tunisia "
"265929067","2013-08-04 00:00:00.0","2014-11-05 00:00:00.0","Algeria"
"266467225","2017-05-01 00:00:00.0","2015-07-03 00:00:00.0","Jamaica"
"266820847","2013-12-11 00:00:00.0","2012-10-12 00:00:00.0","Yemen"
"267066323","2017-03-04 00:00:00.0","2016-07-05 00:00:00.0","Sao Tome and Principe"
"267614781","2018-06-04 00:00:00.0","2016-12-05 00:00:00.0","Angola"
"267888581","2011-04-11 00:00:00.0","2011-10-12 00:00:00.0","Moldova "
"270001733","2015-01-11 00:00:00.0","2015-01-01 00:00:00.0","Ukraine"
"270611131","2015-11-04 00:00:00.0","2015-12-05 00:00:00.0","Mongolia"
"270723140","2015-09-02 00:00:00.0","2014-09-03 00:00:00.0","Tanzania"
"272016179","2012-02-09 00:00:00.0","2010-08-11 00:00:00.0","Grenada"
"274200570","2012-11-05 00:00:00.0","2014-02-06 00:00:00.0","Kenya"
"275269162","2014-08-09 00:00:00.0","2015-03-09 00:00:00.0","Pakistan"
"275632226","2014-06-12 00:00:00.0","2016-06-01 00:00:00.0","East Timor"
"276225316","2015-02-01 00:00:00.0","2015-09-02 00:00:00.0","Libya"
"276595246","2012-10-03 00:00:00.0","2013-03-03 00:00:00.0","Uzbekistan"
"276661765","2016-08-03 00:00:00.0","2017-08-04 00:00:00.0","Lebanon"
"276694810","2017-02-02 00:00:00.0","2018-04-02 00:00:00.0","Macedonia"
"277070748","2014-11-06 00:00:00.0","2014-02-07 00:00:00.0","Belgium"
"277083623","2012-09-07 00:00:00.0","2011-02-09 00:00:00.0","Russia"
"277568137","2015-07-01 00:00:00.0","2014-07-02 00:00:00.0","North Korea"
"278910958","2013-04-02 00:00:00.0","2013-04-02 00:00:00.0","Tanzania"
"280494105","2011-06-03 00:00:00.0","2012-02-04 00:00:00.0","Trinidad and Tobago"
"280571782","2012-11-02 00:00:00.0","2011-11-03 00:00:00.0","Estonia"
"280749452","2011-03-08 00:00:00.0","2010-01-10 00:00:00.0","Kiribati"
"281561410","2015-08-07 00:00:00.0","2014-02-08 00:00:00.0","Iran"
"282475936","2016-08-11 00:00:00.0","2017-04-11 00:00:00.0","Bahrain"
"283504188","2010-12-08 00:00:00.0","2010-02-09 00:00:00.0","Vatican City"
"284870612","2016-07-09 00:00:00.0","2015-07-10 00:00:00.0","United Kingdom"
"285341823","2011-12-05 00:00:00.0","2011-08-06 00:00:00.0","Austria"
"285509622","2014-10-10 00:00:00.0","2015-04-10 00:00:00.0","Jordan"
"285662829","2010-12-06 00:00:00.0","2011-01-07 00:00:00.0","Germany"
"285884702","2015-07-05 00:00:00.0","2014-10-06 00:00:00.0","Liberia"
"286014306","2013-02-07 00:00:00.0","2013-03-08 00:00:00.0","Mali"
"286210000","2012-03-07 00:00:00.0","2012-05-08 00:00:00.0","Tunisia "
"289606320","2018-01-01 00:00:00.0","2017-02-02 00:00:00.0","Finland"
"290455615","2013-01-05 00:00:00.0","2014-04-05 00:00:00.0","Israel"
"290878760","2014-05-04 00:00:00.0","2014-07-04 00:00:00.0","Hungary"
"292180383","2016-02-07 00:00:00.0","2017-03-08 00:00:00.0","Senegal"
"293258845","2015-08-11 00:00:00.0","2016-02-11 00:00:00.0","Vanuatu"
"294499957","2014-08-04 00:00:00.0","2014-08-04 00:00:00.0","Greece"
"296320855","2014-09-06 00:00:00.0","2014-01-07 00:00:00.0","Lebanon"
"296438443","2012-06-04 00:00:00.0","2012-07-04 00:00:00.0","Czech Republic"
"298015153","2014-10-08 00:00:00.0","2015-02-08 00:00:00.0","Slovenia"
"298856723","2017-08-03 00:00:00.0","2017-03-04 00:00:00.0","Niger"
"299921452","2017-04-01 00:00:00.0","2016-11-02 00:00:00.0","United Kingdom"
"300476777","2013-11-01 00:00:00.0","2015-04-02 00:00:00.0","The Bahamas"
"303691565","2012-07-09 00:00:00.0","2013-07-10 00:00:00.0","Belarus"
"304750287","2012-07-05 00:00:00.0","2010-01-06 00:00:00.0","Indonesia"
"304832684","2011-06-08 00:00:00.0","2011-06-09 00:00:00.0","Ethiopia"
"305959212","2012-08-04 00:00:00.0","2013-11-04 00:00:00.0","Romania"
"306125295","2013-03-08 00:00:00.0","2014-03-08 00:00:00.0","Mauritania"
"306220996","2015-09-01 00:00:00.0","2016-06-01 00:00:00.0","Finland"
"306859576","2018-06-07 00:00:00.0","2018-07-07 00:00:00.0","Hungary"
"306889617","2011-07-10 00:00:00.0","2011-09-10 00:00:00.0","Sri Lanka"
"308168065","2017-11-09 00:00:00.0","2017-06-10 00:00:00.0","Mongolia"
"308170640","2015-09-08 00:00:00.0","2014-10-10 00:00:00.0","Zimbabwe"
"310343015","2015-06-12 00:00:00.0","2017-04-12 00:00:00.0","Lebanon"
"312117135","2012-07-10 00:00:00.0","2013-04-10 00:00:00.0","Iceland"
"312404668","2016-05-05 00:00:00.0","2017-09-06 00:00:00.0","Dominican Republic"
"312559163","2011-08-12 00:00:00.0","2012-04-12 00:00:00.0","Burundi"
"312927377","2017-02-07 00:00:00.0","2015-07-09 00:00:00.0","South Korea"
"313044536","2012-07-03 00:00:00.0","2012-02-04 00:00:00.0","Greenland"
"314004981","2012-02-07 00:00:00.0","2010-09-08 00:00:00.0","Zimbabwe"
"315254676","2015-05-08 00:00:00.0","2014-08-09 00:00:00.0","Laos"
"317323625","2016-03-02 00:00:00.0","2015-12-03 00:00:00.0","Czech Republic"
"320368897","2012-03-03 00:00:00.0","2010-02-04 00:00:00.0","Guatemala"
"325412309","2011-10-05 00:00:00.0","2010-07-07 00:00:00.0","Burundi"
"326714789","2017-11-12 00:00:00.0","2018-09-01 00:00:00.0","Norway"
"327585113","2013-09-11 00:00:00.0","2014-11-11 00:00:00.0","Haiti"
"328236997","2017-05-08 00:00:00.0","2016-10-09 00:00:00.0","Norway"
"328316819","2012-01-05 00:00:00.0","2014-06-05 00:00:00.0","Denmark"
"328856265","2013-04-02 00:00:00.0","2013-12-02 00:00:00.0","Democratic Republic of the Congo"
"329110324","2013-03-08 00:00:00.0","2013-02-09 00:00:00.0","Mongolia"
"329530894","2010-01-01 00:00:00.0","2011-01-02 00:00:00.0","Monaco"
"331457364","2014-10-04 00:00:00.0","2015-11-04 00:00:00.0","Spain"
"331604564","2012-06-09 00:00:00.0","2011-05-11 00:00:00.0","Democratic Republic of the Congo"
"332839667","2018-02-07 00:00:00.0","2018-03-07 00:00:00.0","Vietnam"
"332877862","2014-04-04 00:00:00.0","2013-07-05 00:00:00.0","China"
"333281266","2014-12-07 00:00:00.0","2015-04-07 00:00:00.0","Mali"
"334612929","2017-05-08 00:00:00.0","2016-03-10 00:00:00.0","Indonesia"
"336116683","2013-09-08 00:00:00.0","2013-04-09 00:00:00.0","Antigua and Barbuda "
"337022197","2014-11-09 00:00:00.0","2015-10-09 00:00:00.0","Tajikistan"
"339256370","2012-01-03 00:00:00.0","2013-07-03 00:00:00.0","Netherlands"
"340827071","2014-05-05 00:00:00.0","2014-05-06 00:00:00.0","Benin"
"343239343","2014-04-06 00:00:00.0","2013-01-07 00:00:00.0","Qatar"
"343699395","2014-03-02 00:00:00.0","2012-02-04 00:00:00.0","Ireland"
"345437037","2015-02-05 00:00:00.0","2015-06-06 00:00:00.0","Pakistan"
"346045577","2017-12-01 00:00:00.0","2017-08-02 00:00:00.0","Ukraine"
"346215522","2016-06-03 00:00:00.0","2014-04-05 00:00:00.0","Guatemala"
"347163522","2011-03-02 00:00:00.0","2012-10-03 00:00:00.0","Norway"
"348286616","2019-05-01 00:00:00.0","2018-01-02 00:00:00.0","Kyrgyzstan"
"349157369","2017-06-02 00:00:00.0","2016-05-04 00:00:00.0","Seychelles "
"350274455","2015-08-05 00:00:00.0","2015-02-06 00:00:00.0","United Kingdom"
"351182544","2014-06-05 00:00:00.0","2014-10-06 00:00:00.0","East Timor"
"351317298","2014-02-12 00:00:00.0","2016-02-01 00:00:00.0","Haiti"
"351855885","2011-02-05 00:00:00.0","2011-02-06 00:00:00.0","Democratic Republic of the Congo"
"352176463","2017-02-10 00:00:00.0","2015-05-12 00:00:00.0","Algeria"
"352327525","2017-09-09 00:00:00.0","2018-03-10 00:00:00.0","Thailand"
"353061807","2013-08-02 00:00:00.0","2013-05-03 00:00:00.0","Burundi"
"355602824","2013-06-08 00:00:00.0","2013-03-09 00:00:00.0","Tonga"
"356506621","2012-04-08 00:00:00.0","2012-03-09 00:00:00.0","Vanuatu"
"357222878","2017-08-01 00:00:00.0","2016-09-03 00:00:00.0","Chad"
"358099639","2015-09-04 00:00:00.0","2017-05-04 00:00:00.0","Poland"
"359911954","2018-03-05 00:00:00.0","2017-11-06 00:00:00.0","Switzerland"
"360820043","2017-02-05 00:00:00.0","2015-02-07 00:00:00.0","Zambia"
"360945355","2014-08-07 00:00:00.0","2015-04-08 00:00:00.0","Greenland"
"361137616","2013-12-03 00:00:00.0","2013-06-04 00:00:00.0","Sierra Leone"
"363276517","2010-09-06 00:00:00.0","2010-09-07 00:00:00.0","Bosnia and Herzegovina"
"363329732","2016-10-02 00:00:00.0","2016-10-02 00:00:00.0","Antigua and Barbuda "
"363832271","2012-02-07 00:00:00.0","2010-12-09 00:00:00.0","Solomon Islands"
"364554107","2012-07-01 00:00:00.0","2013-06-01 00:00:00.0","Vanuatu"
"364818465","2012-05-09 00:00:00.0","2012-04-10 00:00:00.0","Chad"
"365560901","2013-01-07 00:00:00.0","2011-01-09 00:00:00.0","Liechtenstein"
"366526925","2017-12-06 00:00:00.0","2017-02-07 00:00:00.0","Myanmar"
"366630351","2010-01-09 00:00:00.0","2010-12-10 00:00:00.0","Tajikistan"
"366653096","2013-05-05 00:00:00.0","2014-07-05 00:00:00.0","Vanuatu"
"367050921","2016-04-08 00:00:00.0","2016-07-08 00:00:00.0","Romania"
"367576634","2014-05-12 00:00:00.0","2014-05-01 00:00:00.0","Lithuania"
"368547379","2012-07-07 00:00:00.0","2012-12-07 00:00:00.0","Tajikistan"
"369681203","2013-10-04 00:00:00.0","2012-09-05 00:00:00.0","Comoros"
"369837844","2012-04-03 00:00:00.0","2012-11-03 00:00:00.0","Tuvalu"
"370116364","2015-01-07 00:00:00.0","2015-05-08 00:00:00.0","Liberia"
"370222795","2017-05-05 00:00:00.0","2016-11-06 00:00:00.0","Belarus"
"371123158","2016-05-01 00:00:00.0","2014-09-02 00:00:00.0","Jordan"
"372845780","2016-04-11 00:00:00.0","2014-09-12 00:00:00.0","Benin"
"373048341","2013-04-10 00:00:00.0","2011-12-12 00:00:00.0","Estonia"
"373335015","2012-06-01 00:00:00.0","2013-04-02 00:00:00.0","Andorra"
"375630986","2012-06-04 00:00:00.0","2010-02-06 00:00:00.0","Panama"
"376456248","2014-04-07 00:00:00.0","2013-01-08 00:00:00.0","Cameroon"
"376547658","2015-08-12 00:00:00.0","2016-02-12 00:00:00.0","Mozambique"
"377502095","2016-03-02 00:00:00.0","2014-03-03 00:00:00.0","Tunisia "
"377938973","2017-06-07 00:00:00.0","2017-11-07 00:00:00.0","Swaziland"
"379710948","2012-05-01 00:00:00.0","2013-06-01 00:00:00.0","Seychelles "
"382206475","2015-12-09 00:00:00.0","2015-01-10 00:00:00.0","Macedonia"
"382537782","2013-07-01 00:00:00.0","2015-03-01 00:00:00.0","Namibia"
"384013640","2013-10-06 00:00:00.0","2013-07-07 00:00:00.0","Malawi"
"386163699","2016-04-03 00:00:00.0","2015-07-04 00:00:00.0","Sao Tome and Principe"
"386371409","2015-03-07 00:00:00.0","2015-07-07 00:00:00.0","Jordan"
"386600577","2010-07-01 00:00:00.0","2012-05-01 00:00:00.0","Slovakia"
"389678895","2016-05-07 00:00:00.0","2015-12-08 00:00:00.0","Tonga"
"392952907","2012-01-07 00:00:00.0","2012-01-08 00:00:00.0","Australia"
"393620669","2013-06-06 00:00:00.0","2011-02-08 00:00:00.0","Luxembourg"
"393693625","2010-03-04 00:00:00.0","2010-09-04 00:00:00.0","Kyrgyzstan"
"395563447","2016-05-02 00:00:00.0","2017-06-03 00:00:00.0","Ghana"
"396820008","2017-06-02 00:00:00.0","2017-08-03 00:00:00.0","Vietnam"
"397877871","2019-06-01 00:00:00.0","2018-08-03 00:00:00.0","Grenada"
"398511302","2017-08-03 00:00:00.0","2018-08-04 00:00:00.0","New Zealand"
"400304734","2014-09-06 00:00:00.0","2015-05-07 00:00:00.0","Tanzania"
"401116263","2016-11-03 00:00:00.0","2017-07-03 00:00:00.0","Slovakia"
"402084004","2013-11-09 00:00:00.0","2013-05-10 00:00:00.0","Djibouti"
"402614009","2013-02-01 00:00:00.0","2012-02-03 00:00:00.0","Kyrgyzstan"
"402646195","2016-01-03 00:00:00.0","2018-04-03 00:00:00.0","Vanuatu"
"403836238","2013-05-03 00:00:00.0","2013-03-04 00:00:00.0","Bulgaria"
"403961122","2010-12-02 00:00:00.0","2011-08-03 00:00:00.0","Belgium"
"404010903","2014-02-07 00:00:00.0","2012-04-09 00:00:00.0","Monaco"
"405785882","2013-03-10 00:00:00.0","2014-10-10 00:00:00.0","Swaziland"
"405997025","2018-01-04 00:00:00.0","2016-12-05 00:00:00.0","Estonia"
"406275975","2016-07-03 00:00:00.0","2014-10-05 00:00:00.0","Guinea-Bissau"
"407681453","2012-06-11 00:00:00.0","2013-12-12 00:00:00.0","Fiji"
"408834159","2019-03-06 00:00:00.0","2018-06-07 00:00:00.0","Saint Kitts and Nevis "
"409774005","2011-01-11 00:00:00.0","2012-03-11 00:00:00.0","Finland"
"409873998","2011-03-05 00:00:00.0","2010-03-06 00:00:00.0","Turkey"
"410067975","2017-01-10 00:00:00.0","2017-08-11 00:00:00.0","Afghanistan"
"410231912","2015-07-10 00:00:00.0","2015-12-10 00:00:00.0","Belarus"
"410452497","2013-05-03 00:00:00.0","2014-02-03 00:00:00.0","Mali"
"411448562","2011-06-05 00:00:00.0","2012-06-06 00:00:00.0","Saudi Arabia"
"414244067","2014-03-07 00:00:00.0","2012-07-08 00:00:00.0","Greenland"
"414715278","2016-03-10 00:00:00.0","2015-04-11 00:00:00.0","Bosnia and Herzegovina"
"414887797","2012-03-11 00:00:00.0","2012-05-11 00:00:00.0","Somalia"
"416386401","2014-02-01 00:00:00.0","2014-04-02 00:00:00.0","Myanmar"
"418593108","2014-12-03 00:00:00.0","2016-01-03 00:00:00.0","Sweden"
"418973767","2012-03-10 00:00:00.0","2014-03-10 00:00:00.0","Luxembourg"
"419124829","2015-06-08 00:00:00.0","2014-07-09 00:00:00.0","Italy"
"419306790","2012-04-03 00:00:00.0","2012-12-03 00:00:00.0","Ireland"
"421043574","2017-09-08 00:00:00.0","2016-07-09 00:00:00.0","Federated States of Micronesia"
"423159730","2014-08-02 00:00:00.0","2013-11-04 00:00:00.0","Switzerland"
"423821055","2010-06-10 00:00:00.0","2011-10-10 00:00:00.0","Lithuania"
"427811324","2011-07-03 00:00:00.0","2012-04-04 00:00:00.0","Kyrgyzstan"
"428392827","2013-05-02 00:00:00.0","2013-05-02 00:00:00.0","Mongolia"
"430081975","2010-05-11 00:00:00.0","2010-09-12 00:00:00.0","Chad"
"430390107","2014-04-10 00:00:00.0","2013-01-11 00:00:00.0","Grenada"
"430967319","2016-04-09 00:00:00.0","2015-05-10 00:00:00.0","Saudi Arabia"
"431083619","2016-06-07 00:00:00.0","2014-10-08 00:00:00.0","Montenegro"
"431535089","2016-02-03 00:00:00.0","2017-07-03 00:00:00.0","Mali"
"432037627","2011-04-08 00:00:00.0","2012-06-08 00:00:00.0","Qatar"
"432995069","2010-11-11 00:00:00.0","2011-01-12 00:00:00.0","Uzbekistan"
"433228528","2013-02-12 00:00:00.0","2013-09-12 00:00:00.0","Mozambique"
"433627212","2012-05-01 00:00:00.0","2013-01-02 00:00:00.0","Costa Rica"
"433871400","2016-12-06 00:00:00.0","2015-01-07 00:00:00.0","Syria"
"434355056","2014-05-08 00:00:00.0","2015-04-09 00:00:00.0","Mexico"
"435146415","2013-06-07 00:00:00.0","2011-12-08 00:00:00.0","Singapore"
"436372077","2015-11-12 00:00:00.0","2015-03-01 00:00:00.0","Romania"
"441395747","2013-03-07 00:00:00.0","2014-07-08 00:00:00.0","Vietnam"
"442214143","2013-02-03 00:00:00.0","2012-03-05 00:00:00.0","Papua New Guinea"
"443121373","2014-02-06 00:00:00.0","2015-07-06 00:00:00.0","Nepal"
"444358193","2014-06-10 00:00:00.0","2014-09-10 00:00:00.0","Malaysia"
"444540584","2016-01-06 00:00:00.0","2014-02-08 00:00:00.0","Chad"
"444604098","2012-02-10 00:00:00.0","2012-07-10 00:00:00.0","Belarus"
"445178306","2014-02-08 00:00:00.0","2014-10-09 00:00:00.0","Poland"
"446970021","2016-08-05 00:00:00.0","2016-09-05 00:00:00.0","Namibia"
"446991050","2016-05-12 00:00:00.0","2018-04-01 00:00:00.0","Afghanistan"
"447601306","2014-11-02 00:00:00.0","2013-11-03 00:00:00.0","Tuvalu"
"447917163","2016-02-06 00:00:00.0","2017-12-06 00:00:00.0","Latvia"
"447970378","2014-10-07 00:00:00.0","2013-02-09 00:00:00.0","Saint Lucia"
"448621833","2016-01-02 00:00:00.0","2014-03-03 00:00:00.0","Sao Tome and Principe"
"448685348","2012-04-06 00:00:00.0","2011-10-07 00:00:00.0","Montenegro"
"448817956","2017-07-04 00:00:00.0","2017-10-04 00:00:00.0","Fiji"
"450268065","2014-07-12 00:00:00.0","2014-04-01 00:00:00.0","The Bahamas"
"450849997","2012-04-06 00:00:00.0","2011-09-07 00:00:00.0","Pakistan"
"451010930","2017-05-12 00:00:00.0","2017-07-01 00:00:00.0","Togo"
"452171361","2014-09-05 00:00:00.0","2016-03-05 00:00:00.0","Sri Lanka"
"453089320","2011-06-05 00:00:00.0","2011-04-06 00:00:00.0","Morocco"
"453569972","2016-06-01 00:00:00.0","2017-07-02 00:00:00.0","Japan"
"458942115","2017-07-07 00:00:00.0","2018-05-07 00:00:00.0","Cape Verde"
"459112060","2015-12-09 00:00:00.0","2014-12-10 00:00:00.0","Liberia"
"459212481","2018-05-05 00:00:00.0","2017-04-06 00:00:00.0","France"
"460379779","2012-05-09 00:00:00.0","2011-04-11 00:00:00.0","Liberia"
"461065137","2019-02-07 00:00:00.0","2018-07-08 00:00:00.0","Serbia"
"461408460","2016-09-03 00:00:00.0","2017-03-03 00:00:00.0","Lesotho"
"461463820","2017-04-08 00:00:00.0","2017-08-08 00:00:00.0","Saudi Arabia"
"461768949","2011-01-12 00:00:00.0","2012-06-12 00:00:00.0","Angola"
"461823451","2014-11-08 00:00:00.0","2014-04-09 00:00:00.0","Namibia"
"462085664","2011-01-01 00:00:00.0","2012-03-01 00:00:00.0","Estonia"
"464626681","2010-11-07 00:00:00.0","2012-03-07 00:00:00.0","Saint Kitts and Nevis "
"464840400","2012-04-12 00:00:00.0","2011-05-02 00:00:00.0","East Timor"
"465418040","2017-07-01 00:00:00.0","2018-02-02 00:00:00.0","Kuwait"
"466970717","2012-04-02 00:00:00.0","2012-06-03 00:00:00.0","Cuba"
"467986953","2013-05-02 00:00:00.0","2014-05-02 00:00:00.0","Kazakhstan"
"468532407","2014-10-01 00:00:00.0","2014-11-02 00:00:00.0","Ireland"
"469283854","2015-04-02 00:00:00.0","2015-04-02 00:00:00.0","Spain"
"469414317","2017-06-08 00:00:00.0","2017-07-08 00:00:00.0","Madagascar"
"469839179","2014-07-01 00:00:00.0","2013-10-02 00:00:00.0","Greenland"
"470897471","2016-05-03 00:00:00.0","2016-10-04 00:00:00.0","Panama"
"473527753","2012-09-11 00:00:00.0","2014-05-12 00:00:00.0","South Sudan"
"473555219","2015-11-10 00:00:00.0","2015-06-11 00:00:00.0","Kenya"
"474178349","2016-04-09 00:00:00.0","2018-02-09 00:00:00.0","Malawi"
"474222981","2017-04-09 00:00:00.0","2017-02-10 00:00:00.0","Albania"
"476436126","2013-07-08 00:00:00.0","2012-03-10 00:00:00.0","Albania"
"478919208","2012-03-11 00:00:00.0","2014-03-11 00:00:00.0","Belarus"
"479216182","2011-09-04 00:00:00.0","2013-02-04 00:00:00.0","Belize"
"479447925","2014-01-03 00:00:00.0","2012-04-04 00:00:00.0","Chad"
"479880082","2015-04-05 00:00:00.0","2015-11-05 00:00:00.0","Bulgaria"
"480177485","2015-10-12 00:00:00.0","2015-07-02 00:00:00.0","Qatar"
"480456435","2014-02-11 00:00:00.0","2013-04-12 00:00:00.0","Angola"
"480863702","2011-01-01 00:00:00.0","2012-04-01 00:00:00.0","Kuwait"
"481065833","2012-06-05 00:00:00.0","2012-08-05 00:00:00.0","Qatar"
"482649838","2014-11-10 00:00:00.0","2015-01-11 00:00:00.0","Yemen"
"487014758","2013-03-08 00:00:00.0","2015-06-08 00:00:00.0","South Sudan"
"489148938","2010-02-08 00:00:00.0","2010-01-09 00:00:00.0","Armenia"
"489784085","2013-02-10 00:00:00.0","2011-01-11 00:00:00.0","Kuwait"
"492689454","2011-04-07 00:00:00.0","2011-04-08 00:00:00.0","Tajikistan"
"494454562","2015-02-09 00:00:00.0","2015-10-09 00:00:00.0","South Africa"
"494468724","2010-06-10 00:00:00.0","2011-11-10 00:00:00.0","Palau"
"494525372","2012-03-02 00:00:00.0","2010-02-03 00:00:00.0","Czech Republic"
"494745099","2011-03-10 00:00:00.0","2012-06-10 00:00:00.0","Barbados"
"496656548","2015-12-08 00:00:00.0","2016-05-09 00:00:00.0","Turkey"
"496897733","2011-04-06 00:00:00.0","2011-09-07 00:00:00.0","Norway"
"496941077","2012-02-07 00:00:00.0","2012-05-07 00:00:00.0","Bangladesh"
"498585164","2016-01-08 00:00:00.0","2016-05-09 00:00:00.0","Ukraine"
"499009597","2017-06-06 00:00:00.0","2015-09-07 00:00:00.0","Honduras"
"499690234","2014-02-07 00:00:00.0","2014-04-08 00:00:00.0","Armenia"
"500160586","2011-07-06 00:00:00.0","2011-07-06 00:00:00.0","Guinea"
"502715766","2014-05-08 00:00:00.0","2015-05-08 00:00:00.0","Bahrain"
"504270160","2011-07-10 00:00:00.0","2012-01-11 00:00:00.0","Philippines"
"505244338","2011-12-08 00:00:00.0","2012-07-09 00:00:00.0","East Timor"
"505975615","2017-03-06 00:00:00.0","2015-04-07 00:00:00.0","Bhutan"
"506365287","2015-06-04 00:00:00.0","2015-04-05 00:00:00.0","Finland"
"509214437","2016-08-10 00:00:00.0","2015-02-11 00:00:00.0","Greenland"
"509819114","2014-11-01 00:00:00.0","2015-11-02 00:00:00.0","Maldives"
"509914386","2014-03-04 00:00:00.0","2012-11-06 00:00:00.0","Palau"
"510978686","2015-12-08 00:00:00.0","2017-06-09 00:00:00.0","Brunei"
"511349046","2015-10-12 00:00:00.0","2015-02-01 00:00:00.0","Cuba"
"512019383","2012-04-11 00:00:00.0","2012-12-12 00:00:00.0","Uganda"
"515007579","2014-04-12 00:00:00.0","2015-11-01 00:00:00.0","Iraq"
"515616118","2010-06-01 00:00:00.0","2010-05-02 00:00:00.0","Russia"
"517799222","2012-07-09 00:00:00.0","2013-11-10 00:00:00.0","Equatorial Guinea"
"517935693","2015-10-05 00:00:00.0","2016-04-06 00:00:00.0","Solomon Islands"
"521396386","2012-12-01 00:00:00.0","2013-02-02 00:00:00.0","Marshall Islands"
"521445310","2011-05-02 00:00:00.0","2010-04-04 00:00:00.0","Malawi"
"521787345","2018-03-05 00:00:00.0","2019-01-06 00:00:00.0","Jordan"
"522371423","2018-01-03 00:00:00.0","2017-08-04 00:00:00.0","North Korea"
"522921168","2019-04-02 00:00:00.0","2017-02-03 00:00:00.0","Guinea-Bissau"
"524363124","2011-12-05 00:00:00.0","2013-04-06 00:00:00.0","United Arab Emirates"
"526834189","2013-05-03 00:00:00.0","2012-02-05 00:00:00.0","Ireland"
"529612958","2012-10-11 00:00:00.0","2012-11-12 00:00:00.0","Ghana"
"529970014","2012-08-12 00:00:00.0","2013-03-01 00:00:00.0","United Kingdom"
"531023156","2012-03-09 00:00:00.0","2013-03-10 00:00:00.0","Federated States of Micronesia"
"531067359","2018-07-02 00:00:00.0","2018-08-02 00:00:00.0","Kenya"
"531405103","2010-11-03 00:00:00.0","2011-07-04 00:00:00.0","Guinea-Bissau"
"531693494","2011-07-07 00:00:00.0","2010-06-08 00:00:00.0","Albania"
"531734263","2014-06-09 00:00:00.0","2012-12-10 00:00:00.0","Tuvalu"
"532324779","2014-01-12 00:00:00.0","2015-03-01 00:00:00.0","Montenegro"
"532846200","2015-09-03 00:00:00.0","2016-08-04 00:00:00.0","Solomon Islands"
"533006703","2010-10-12 00:00:00.0","2012-11-01 00:00:00.0","Cambodia"
"534085166","2011-06-04 00:00:00.0","2012-01-04 00:00:00.0","Azerbaijan"
"534633624","2012-10-04 00:00:00.0","2011-08-06 00:00:00.0","Papua New Guinea"
"535654580","2016-03-06 00:00:00.0","2016-05-07 00:00:00.0","Portugal"
"536028802","2011-04-09 00:00:00.0","2011-10-09 00:00:00.0","Lesotho"
"537578904","2016-03-06 00:00:00.0","2015-09-07 00:00:00.0","Denmark"
"538957345","2015-01-04 00:00:00.0","2015-01-04 00:00:00.0","Pakistan"
"539065062","2014-10-02 00:00:00.0","2014-10-03 00:00:00.0","Saint Lucia"
"540431916","2015-02-10 00:00:00.0","2014-03-11 00:00:00.0","Armenia"
"542669522","2014-05-07 00:00:00.0","2012-11-09 00:00:00.0","Republic of the Congo"
"543723094","2016-04-06 00:00:00.0","2014-02-07 00:00:00.0","Lesotho"
"544219195","2016-10-02 00:00:00.0","2015-09-03 00:00:00.0","Honduras"
"544485270","2016-08-12 00:00:00.0","2016-05-01 00:00:00.0","Sudan"
"546986377","2012-01-01 00:00:00.0","2010-10-02 00:00:00.0","Eritrea"
"547143447","2012-09-02 00:00:00.0","2012-11-02 00:00:00.0","Benin"
"547528827","2012-06-11 00:00:00.0","2011-03-12 00:00:00.0","Guatemala"
"547748982","2014-08-09 00:00:00.0","2014-02-10 00:00:00.0","Serbia"
"551057326","2011-04-07 00:00:00.0","2011-10-08 00:00:00.0","United States of America"
"551136291","2018-01-01 00:00:00.0","2018-01-01 00:00:00.0","Afghanistan"
"551371467","2012-06-09 00:00:00.0","2013-03-09 00:00:00.0","Latvia"
"551725089","2010-02-07 00:00:00.0","2010-10-08 00:00:00.0","Japan"
"554045522","2013-02-08 00:00:00.0","2013-08-09 00:00:00.0","Namibia"
"554154527","2013-02-05 00:00:00.0","2013-03-05 00:00:00.0","Bahrain"
"554707705","2014-05-08 00:00:00.0","2015-07-09 00:00:00.0","Bhutan"
"555142009","2013-07-06 00:00:00.0","2012-10-07 00:00:00.0","Mali"
"556480538","2013-11-06 00:00:00.0","2012-07-08 00:00:00.0","United Arab Emirates"
"556738889","2012-02-01 00:00:00.0","2014-01-01 00:00:00.0","Cambodia"
"559299647","2015-01-02 00:00:00.0","2015-02-03 00:00:00.0","Democratic Republic of the Congo"
"559352862","2011-04-04 00:00:00.0","2010-04-06 00:00:00.0","Samoa "
"560600841","2014-09-03 00:00:00.0","2014-02-04 00:00:00.0","Belize"
"560608565","2014-07-07 00:00:00.0","2015-12-08 00:00:00.0","Malaysia"
"561255729","2018-04-01 00:00:00.0","2016-01-02 00:00:00.0","Sudan"
"562817418","2013-03-05 00:00:00.0","2011-02-06 00:00:00.0","Burundi"
"563915622","2013-06-05 00:00:00.0","2012-10-06 00:00:00.0","Pakistan"
"564646470","2016-04-01 00:00:00.0","2015-04-03 00:00:00.0","Benin"
"565798747","2017-03-07 00:00:00.0","2016-09-08 00:00:00.0","Equatorial Guinea"
"566935575","2018-07-05 00:00:00.0","2016-07-06 00:00:00.0","Madagascar"
"567588317","2016-06-12 00:00:00.0","2017-02-12 00:00:00.0","Zimbabwe"
"567614495","2012-10-05 00:00:00.0","2014-04-06 00:00:00.0","Uganda"
"568944442","2015-05-04 00:00:00.0","2015-12-04 00:00:00.0","Costa Rica"
"572550618","2014-08-11 00:00:00.0","2015-01-11 00:00:00.0","Lebanon"
"573025262","2012-03-10 00:00:00.0","2012-02-11 00:00:00.0","Maldives"
"573378455","2015-03-01 00:00:00.0","2016-05-01 00:00:00.0","Mongolia"
"574441039","2017-02-03 00:00:00.0","2017-06-04 00:00:00.0","Costa Rica"
"576264083","2012-08-02 00:00:00.0","2013-02-03 00:00:00.0","Guatemala"
"576455485","2014-02-01 00:00:00.0","2014-01-02 00:00:00.0","Angola"
"576654183","2013-02-02 00:00:00.0","2013-03-02 00:00:00.0","Cuba"
"576700961","2016-05-06 00:00:00.0","2016-11-07 00:00:00.0","Syria"
"579379737","2016-09-08 00:00:00.0","2018-02-08 00:00:00.0","Chad"
"579913604","2012-10-10 00:00:00.0","2012-11-10 00:00:00.0","Lesotho"
"580823838","2014-09-02 00:00:00.0","2015-09-03 00:00:00.0","Italy"
"580854308","2017-09-02 00:00:00.0","2018-06-03 00:00:00.0","Ghana"
"581990706","2015-11-10 00:00:00.0","2015-03-11 00:00:00.0","Israel"
"584072101","2016-05-11 00:00:00.0","2016-05-11 00:00:00.0","Samoa "
"584204280","2014-03-11 00:00:00.0","2013-01-01 00:00:00.0","Namibia"
"584534299","2014-05-03 00:00:00.0","2013-06-05 00:00:00.0","Cyprus"
"585823476","2012-11-12 00:00:00.0","2012-06-01 00:00:00.0","Albania"
"585917890","2015-04-06 00:00:00.0","2014-11-07 00:00:00.0","Sudan"
"585931193","2012-09-10 00:00:00.0","2013-09-11 00:00:00.0","Central African Republic"
"586165082","2018-02-01 00:00:00.0","2019-03-01 00:00:00.0","China"
"588200986","2017-07-08 00:00:00.0","2016-03-10 00:00:00.0","Laos"
"590198266","2016-10-05 00:00:00.0","2015-01-06 00:00:00.0","Dominica"
"590768182","2011-01-08 00:00:00.0","2011-07-09 00:00:00.0","Georgia"
"594003999","2013-01-10 00:00:00.0","2012-04-11 00:00:00.0","Lithuania"
"594540441","2014-05-06 00:00:00.0","2014-06-07 00:00:00.0","Czech Republic"
"596628272","2017-03-11 00:00:00.0","2018-06-12 00:00:00.0","Central African Republic"
"596870315","2018-01-01 00:00:00.0","2018-06-02 00:00:00.0","Egypt"
"597918736","2017-01-07 00:00:00.0","2015-11-09 00:00:00.0","Belize"
"599622905","2014-09-09 00:00:00.0","2014-10-10 00:00:00.0","Barbados"
"600124156","2010-11-03 00:00:00.0","2011-09-04 00:00:00.0","Malaysia"
"600370490","2017-05-12 00:00:00.0","2019-01-01 00:00:00.0","Fiji"
"603123080","2015-01-08 00:00:00.0","2015-05-09 00:00:00.0","Czech Republic"
"603426492","2014-01-06 00:00:00.0","2015-03-06 00:00:00.0","Jordan"
"604041039","2019-06-03 00:00:00.0","2018-03-05 00:00:00.0","Moldova "
"605373561","2017-01-02 00:00:00.0","2017-02-03 00:00:00.0","Fiji"
"605825459","2014-01-04 00:00:00.0","2014-02-05 00:00:00.0","Marshall Islands"
"606017291","2017-10-05 00:00:00.0","2016-12-06 00:00:00.0","Panama"
"606055057","2010-09-12 00:00:00.0","2012-11-01 00:00:00.0","South Sudan"
"606970441","2017-04-08 00:00:00.0","2017-04-09 00:00:00.0","Vietnam"
"607080304","2015-02-02 00:00:00.0","2013-05-04 00:00:00.0","Ghana"
"607190167","2017-04-04 00:00:00.0","2018-06-05 00:00:00.0","Ireland"
"607261836","2018-11-01 00:00:00.0","2018-10-02 00:00:00.0","Taiwan"
"607300031","2014-02-10 00:00:00.0","2014-02-10 00:00:00.0","Vanuatu"
"607521903","2011-11-02 00:00:00.0","2010-05-04 00:00:00.0","Moldova "
"607757937","2011-10-02 00:00:00.0","2010-05-04 00:00:00.0","Nauru"
"608414113","2012-03-12 00:00:00.0","2012-11-12 00:00:00.0","Israel"
"611809146","2017-12-07 00:00:00.0","2016-01-08 00:00:00.0","Germany"
"611816871","2011-02-04 00:00:00.0","2011-04-05 00:00:00.0","Seychelles "
"612573039","2011-06-08 00:00:00.0","2011-09-08 00:00:00.0","Brunei"
"612911641","2018-05-07 00:00:00.0","2018-07-08 00:00:00.0","Austria"
"612943828","2014-05-02 00:00:00.0","2013-01-03 00:00:00.0","Pakistan"
"613542068","2016-05-08 00:00:00.0","2016-11-08 00:00:00.0","Iran"
"613830459","2016-12-12 00:00:00.0","2018-04-01 00:00:00.0","Benin"
"614028298","2014-01-08 00:00:00.0","2012-09-09 00:00:00.0","Bulgaria"
"614994323","2019-02-07 00:00:00.0","2017-12-09 00:00:00.0","Vanuatu"
"618474757","2016-01-11 00:00:00.0","2017-07-12 00:00:00.0","Germany"
"619670808","2014-04-01 00:00:00.0","2015-01-02 00:00:00.0","Honduras"
"620441138","2010-01-06 00:00:00.0","2011-10-06 00:00:00.0","Seychelles "
"621442782","2015-12-02 00:00:00.0","2015-02-04 00:00:00.0","Dominican Republic"
"622758996","2015-05-08 00:00:00.0","2014-01-10 00:00:00.0","Mauritania"
"622791612","2013-11-05 00:00:00.0","2015-07-05 00:00:00.0","Italy"
"624295365","2010-04-05 00:00:00.0","2011-11-06 00:00:00.0","Uganda"
"625283706","2015-02-10 00:00:00.0","2015-11-10 00:00:00.0","Mozambique"
"626523101","2014-03-01 00:00:00.0","2013-04-02 00:00:00.0","Saint Kitts and Nevis "
"627122199","2013-11-04 00:00:00.0","2014-05-04 00:00:00.0","Sierra Leone"
"629709136","2017-05-06 00:00:00.0","2017-06-06 00:00:00.0","Antigua and Barbuda "
"629925000","2014-04-08 00:00:00.0","2014-06-08 00:00:00.0","Japan"
"630048596","2011-12-08 00:00:00.0","2011-03-09 00:00:00.0","Sri Lanka"
"630488908","2018-11-03 00:00:00.0","2019-06-04 00:00:00.0","Senegal"
"632093942","2014-04-08 00:00:00.0","2012-05-09 00:00:00.0","Morocco"
"633895957","2014-04-08 00:00:00.0","2015-10-08 00:00:00.0","East Timor"
"634153020","2015-02-03 00:00:00.0","2015-11-03 00:00:00.0","Ghana"
"635122907","2016-10-12 00:00:00.0","2017-01-12 00:00:00.0","Libya"
"635309588","2018-06-08 00:00:00.0","2017-02-10 00:00:00.0","Qatar"
"635397565","2015-02-11 00:00:00.0","2016-09-11 00:00:00.0","Tunisia "
"636879432","2016-05-06 00:00:00.0","2015-03-07 00:00:00.0","Egypt"
"637448060","2012-11-09 00:00:00.0","2013-03-09 00:00:00.0","China"
"637521445","2014-07-08 00:00:00.0","2013-12-09 00:00:00.0","Croatia"
"640942227","2013-04-06 00:00:00.0","2012-04-07 00:00:00.0","Niger"
"641018617","2014-11-06 00:00:00.0","2015-06-06 00:00:00.0","Grenada"
"641129338","2014-10-05 00:00:00.0","2015-02-05 00:00:00.0","Spain"
"641146934","2012-04-09 00:00:00.0","2012-04-10 00:00:00.0","Central African Republic"
"641489398","2014-08-07 00:00:00.0","2016-04-07 00:00:00.0","Cote d'Ivoire"
"641801393","2013-10-05 00:00:00.0","2014-12-05 00:00:00.0","Iceland"
"642140424","2012-08-12 00:00:00.0","2014-04-01 00:00:00.0","Belarus"
"642442548","2014-02-10 00:00:00.0","2014-02-11 00:00:00.0","Somalia"
"642683303","2016-05-12 00:00:00.0","2017-08-01 00:00:00.0","Liberia"
"643817985","2012-12-07 00:00:00.0","2013-07-08 00:00:00.0","Trinidad and Tobago"
"644670712","2011-01-02 00:00:00.0","2012-09-03 00:00:00.0","Haiti"
"644772422","2012-08-09 00:00:00.0","2013-02-10 00:00:00.0","Myanmar"
"644913613","2015-08-08 00:00:00.0","2015-07-09 00:00:00.0","Greece"
"645597255","2012-02-10 00:00:00.0","2014-01-10 00:00:00.0","Spain"
"645713555","2012-04-08 00:00:00.0","2013-07-08 00:00:00.0","Chad"
"645948302","2014-07-08 00:00:00.0","2014-05-09 00:00:00.0","Bulgaria"
"647278249","2014-09-08 00:00:00.0","2015-04-09 00:00:00.0","Solomon Islands"
"647663629","2015-07-05 00:00:00.0","2015-08-05 00:00:00.0","Australia"
"650727784","2016-09-04 00:00:00.0","2015-06-06 00:00:00.0","Cyprus"
"651621711","2012-07-08 00:00:00.0","2011-04-10 00:00:00.0","Panama"
"652889430","2016-09-03 00:00:00.0","2016-03-04 00:00:00.0","Nicaragua"
"653148210","2016-03-12 00:00:00.0","2018-09-01 00:00:00.0","India"
"653939568","2015-04-11 00:00:00.0","2014-06-12 00:00:00.0","Dominica"
"654480731","2016-07-10 00:00:00.0","2016-08-11 00:00:00.0","Canada"
"654693591","2013-06-11 00:00:00.0","2012-01-12 00:00:00.0","Mexico"
"658348691","2012-05-07 00:00:00.0","2011-10-08 00:00:00.0","India"
"659798800","2017-02-10 00:00:00.0","2015-02-12 00:00:00.0","Trinidad and Tobago"
"659845149","2016-04-01 00:00:00.0","2018-05-01 00:00:00.0","Burundi"
"661953580","2012-08-03 00:00:00.0","2012-12-04 00:00:00.0","Equatorial Guinea"
"663065516","2015-02-08 00:00:00.0","2013-09-09 00:00:00.0","Djibouti"
"663857305","2013-12-10 00:00:00.0","2014-01-11 00:00:00.0","East Timor"
"666424071","2015-04-02 00:00:00.0","2015-04-03 00:00:00.0","Costa Rica"
"666678130","2015-03-08 00:00:00.0","2016-09-09 00:00:00.0","Marshall Islands"
"668362987","2015-07-04 00:00:00.0","2015-01-05 00:00:00.0","Iran"
"668365561","2013-04-03 00:00:00.0","2012-04-05 00:00:00.0","Brunei"
"668599021","2015-06-04 00:00:00.0","2014-12-05 00:00:00.0","Central African Republic"
"669355189","2015-10-08 00:00:00.0","2017-02-09 00:00:00.0","Sao Tome and Principe"
"669978749","2011-10-02 00:00:00.0","2012-08-03 00:00:00.0","Switzerland"
"670613467","2010-02-03 00:00:00.0","2011-09-03 00:00:00.0","Lesotho"
"670878255","2013-01-01 00:00:00.0","2013-03-02 00:00:00.0","Thailand"
"671898782","2014-02-01 00:00:00.0","2013-06-02 00:00:00.0","Tonga"
"671939122","2014-12-01 00:00:00.0","2014-02-02 00:00:00.0","Kyrgyzstan"
"672327935","2015-06-02 00:00:00.0","2015-06-02 00:00:00.0","Taiwan"
"673130881","2012-05-03 00:00:00.0","2012-11-03 00:00:00.0","Fiji"
"673573338","2013-07-07 00:00:00.0","2013-08-07 00:00:00.0","South Sudan"
"673803794","2015-10-07 00:00:00.0","2016-05-07 00:00:00.0","Nepal"
"674421346","2018-08-06 00:00:00.0","2019-05-06 00:00:00.0","Malawi"
"674808442","2011-07-10 00:00:00.0","2011-12-10 00:00:00.0","Belgium"
"675079667","2015-03-01 00:00:00.0","2015-07-01 00:00:00.0","Qatar"
"675548303","2014-04-09 00:00:00.0","2012-06-11 00:00:00.0","Bahrain"
"676121222","2016-04-08 00:00:00.0","2016-09-09 00:00:00.0","Liechtenstein"
"677284657","2016-01-01 00:00:00.0","2016-03-01 00:00:00.0","Nepal"
"677394092","2017-04-12 00:00:00.0","2018-05-12 00:00:00.0","Malaysia"
"679414975","2015-04-03 00:00:00.0","2016-05-04 00:00:00.0","Eritrea"
"680517470","2015-08-03 00:00:00.0","2017-01-03 00:00:00.0","Botswana"
"680533778","2015-08-07 00:00:00.0","2016-01-07 00:00:00.0","New Zealand"
"681006705","2013-04-04 00:00:00.0","2012-02-06 00:00:00.0","Armenia"
"681298100","2011-05-10 00:00:00.0","2012-08-11 00:00:00.0","Turkey"
"681941401","2017-04-06 00:00:00.0","2018-04-07 00:00:00.0","Croatia"
"682489430","2016-06-04 00:00:00.0","2016-11-05 00:00:00.0","Serbia"
"682831895","2018-06-02 00:00:00.0","2018-04-03 00:00:00.0","Switzerland"
"683184659","2010-09-08 00:00:00.0","2011-11-08 00:00:00.0","South Sudan"
"683458888","2015-12-11 00:00:00.0","2016-04-12 00:00:00.0","Armenia"
"683927953","2015-10-10 00:00:00.0","2014-04-11 00:00:00.0","Senegal"
"685871589","2016-11-03 00:00:00.0","2015-05-04 00:00:00.0","Serbia"
"686458671","2016-06-02 00:00:00.0","2015-08-03 00:00:00.0","Mauritius "
"686583554","2014-04-01 00:00:00.0","2013-10-02 00:00:00.0","Malawi"
"686800706","2015-06-10 00:00:00.0","2016-07-10 00:00:00.0","Libya"
"687875735","2012-10-11 00:00:00.0","2011-02-12 00:00:00.0","Qatar"
"688344371","2018-02-03 00:00:00.0","2019-04-04 00:00:00.0","Bahrain"
"689975583","2016-07-08 00:00:00.0","2016-12-08 00:00:00.0","Sweden"
"692566382","2011-02-01 00:00:00.0","2012-02-01 00:00:00.0","Marshall Islands"
"692956054","2018-09-05 00:00:00.0","2018-11-06 00:00:00.0","Andorra"
"693159472","2013-05-01 00:00:00.0","2011-05-02 00:00:00.0","Pakistan"
"693473613","2014-10-03 00:00:00.0","2014-09-04 00:00:00.0","Laos"
"693743550","2012-03-11 00:00:00.0","2011-09-01 00:00:00.0","Mongolia"
"694687259","2017-04-04 00:00:00.0","2016-02-06 00:00:00.0","Canada"
"694722020","2010-03-10 00:00:00.0","2010-03-10 00:00:00.0","Bosnia and Herzegovina"
"695557582","2013-02-03 00:00:00.0","2013-03-04 00:00:00.0","Cape Verde"
"698002040","2016-01-06 00:00:00.0","2017-05-07 00:00:00.0","Jordan"
"699368035","2011-09-10 00:00:00.0","2010-07-12 00:00:00.0","United States of America"
"700620734","2014-11-12 00:00:00.0","2015-05-01 00:00:00.0","Iran"
"701816356","2017-08-07 00:00:00.0","2019-06-07 00:00:00.0","Madagascar"
"702186715","2017-05-11 00:00:00.0","2017-10-12 00:00:00.0","Greece"
"703693473","2013-09-12 00:00:00.0","2014-12-01 00:00:00.0","Germany"
"703815782","2013-10-12 00:00:00.0","2013-07-01 00:00:00.0","Switzerland"
"706399714","2010-08-06 00:00:00.0","2011-07-07 00:00:00.0","Cote d'Ivoire"
"707520663","2013-12-02 00:00:00.0","2014-03-03 00:00:00.0","Uzbekistan"
"708063542","2017-09-02 00:00:00.0","2017-07-03 00:00:00.0","Saint Kitts and Nevis "
"708215034","2013-02-08 00:00:00.0","2012-01-09 00:00:00.0","Turkey"
"711141002","2016-07-05 00:00:00.0","2017-02-06 00:00:00.0","Senegal"
"713696610","2014-10-02 00:00:00.0","2016-04-03 00:00:00.0","Swaziland"
"714135205","2011-08-01 00:00:00.0","2011-06-02 00:00:00.0","Maldives"
"714306008","2014-08-07 00:00:00.0","2014-05-08 00:00:00.0","Poland"
"714818418","2015-04-07 00:00:00.0","2014-12-08 00:00:00.0","Cuba"
"716202867","2011-07-08 00:00:00.0","2012-08-09 00:00:00.0","Macedonia"
"716849601","2012-02-12 00:00:00.0","2012-07-12 00:00:00.0","Dominican Republic"
"717110955","2010-06-08 00:00:00.0","2010-09-08 00:00:00.0","Mozambique"
"718327605","2015-06-09 00:00:00.0","2013-10-11 00:00:00.0","The Gambia"
"718781220","2013-02-01 00:00:00.0","2012-07-02 00:00:00.0","Cyprus"
"719362294","2011-12-10 00:00:00.0","2010-03-12 00:00:00.0","Comoros"
"720307290","2017-01-02 00:00:00.0","2017-04-03 00:00:00.0","Maldives"
"720786225","2012-02-02 00:00:00.0","2013-03-02 00:00:00.0","France"
"721767270","2017-02-06 00:00:00.0","2018-06-07 00:00:00.0","Liechtenstein"
"722088277","2016-03-07 00:00:00.0","2016-03-07 00:00:00.0","Russia"
"723090350","2014-03-11 00:00:00.0","2016-03-11 00:00:00.0","Rwanda"
"723608338","2012-06-11 00:00:00.0","2013-11-11 00:00:00.0","Andorra"
"723680436","2016-07-10 00:00:00.0","2015-08-12 00:00:00.0","Trinidad and Tobago"
"724799668","2017-09-05 00:00:00.0","2018-03-05 00:00:00.0","Switzerland"
"726708972","2016-09-12 00:00:00.0","2019-02-01 00:00:00.0","Bhutan"
"727131259","2016-02-06 00:00:00.0","2014-09-08 00:00:00.0","Zimbabwe"
"729443109","2011-03-12 00:00:00.0","2011-12-01 00:00:00.0","Australia"
"731640803","2011-12-11 00:00:00.0","2013-06-12 00:00:00.0","Zimbabwe"
"731972110","2011-12-02 00:00:00.0","2011-03-04 00:00:00.0","Czech Republic"
"732211148","2012-01-03 00:00:00.0","2011-02-04 00:00:00.0","Cyprus"
"732568633","2014-01-06 00:00:00.0","2012-05-07 00:00:00.0","Republic of the Congo"
"733528649","2019-03-03 00:00:00.0","2019-06-03 00:00:00.0","Poland"
"733563411","2012-01-09 00:00:00.0","2012-08-09 00:00:00.0","Pakistan"
"734526431","2017-02-07 00:00:00.0","2016-02-08 00:00:00.0","Montenegro"
"734945714","2015-05-12 00:00:00.0","2014-12-02 00:00:00.0","South Africa"
"735968816","2014-03-11 00:00:00.0","2012-06-12 00:00:00.0","The Bahamas"
"736967885","2013-03-02 00:00:00.0","2011-12-03 00:00:00.0","Portugal"
"737816321","2010-05-09 00:00:00.0","2011-09-09 00:00:00.0","China"
"737890565","2016-07-12 00:00:00.0","2017-03-01 00:00:00.0","Dominican Republic"
"738199555","2015-09-09 00:00:00.0","2015-09-09 00:00:00.0","Guinea"
"738839423","2017-01-03 00:00:00.0","2019-07-03 00:00:00.0","Republic of the Congo"
"739474999","2014-06-12 00:00:00.0","2013-01-01 00:00:00.0","Yemen"
"739998137","2016-01-05 00:00:00.0","2014-09-07 00:00:00.0","Hungary"
"740760314","2016-03-11 00:00:00.0","2016-09-11 00:00:00.0","Russia"
"742141759","2015-01-10 00:00:00.0","2015-04-10 00:00:00.0","Niger"
"742443025","2011-12-04 00:00:00.0","2012-03-04 00:00:00.0","Sweden"
"743053281","2017-02-01 00:00:00.0","2016-11-02 00:00:00.0","Georgia"
"744370782","2014-03-07 00:00:00.0","2015-02-07 00:00:00.0","Slovakia"
"745182311","2016-03-04 00:00:00.0","2016-05-05 00:00:00.0","Myanmar"
"745783555","2013-11-03 00:00:00.0","2012-09-05 00:00:00.0","Switzerland"
"746434152","2017-05-01 00:00:00.0","2016-05-02 00:00:00.0","Monaco"
"749258840","2015-06-09 00:00:00.0","2014-05-11 00:00:00.0","Lebanon"
"749282443","2014-01-03 00:00:00.0","2015-01-03 00:00:00.0","Georgia"
"749690568","2014-06-09 00:00:00.0","2016-02-10 00:00:00.0","Egypt"
"749912869","2014-08-03 00:00:00.0","2015-01-04 00:00:00.0","Somalia"
"750253188","2011-03-10 00:00:00.0","2012-09-11 00:00:00.0","Malaysia"
"751929891","2016-03-07 00:00:00.0","2014-01-08 00:00:00.0","Azerbaijan"
"751940190","2013-08-10 00:00:00.0","2013-10-10 00:00:00.0","Spain"
"752716100","2017-02-09 00:00:00.0","2016-12-10 00:00:00.0","North Korea"
"753585135","2015-06-08 00:00:00.0","2015-01-09 00:00:00.0","Austria"
"759279143","2011-11-01 00:00:00.0","2012-06-02 00:00:00.0","Belarus"
"759504878","2013-04-10 00:00:00.0","2011-08-12 00:00:00.0","San Marino"
"760364902","2019-02-01 00:00:00.0","2018-12-02 00:00:00.0","Belgium"
"761439931","2014-02-03 00:00:00.0","2016-04-03 00:00:00.0","Czech Republic"
"763568961","2015-08-05 00:00:00.0","2015-07-06 00:00:00.0","South Korea"
"763920438","2017-09-06 00:00:00.0","2017-10-07 00:00:00.0","Switzerland"
"765955483","2012-05-09 00:00:00.0","2011-07-10 00:00:00.0","Albania"
"767401731","2012-08-07 00:00:00.0","2014-06-07 00:00:00.0","Afghanistan"
"768522679","2016-03-03 00:00:00.0","2017-03-03 00:00:00.0","The Bahamas"
"768662583","2013-10-07 00:00:00.0","2012-10-08 00:00:00.0","Zimbabwe"
"769205892","2010-07-03 00:00:00.0","2011-05-03 00:00:00.0","South Korea"
"769464671","2012-08-11 00:00:00.0","2012-12-12 00:00:00.0","Poland"
"769651782","2014-01-10 00:00:00.0","2013-03-11 00:00:00.0","Taiwan"
"769822585","2017-12-04 00:00:00.0","2017-03-05 00:00:00.0","Slovakia"
"770478332","2015-12-12 00:00:00.0","2017-12-01 00:00:00.0","Mongolia"
"770508801","2012-05-05 00:00:00.0","2013-01-06 00:00:00.0","Portugal"
"770714795","2011-07-07 00:00:00.0","2012-02-08 00:00:00.0","Syria"
"773160541","2012-01-10 00:00:00.0","2012-09-11 00:00:00.0","Angola"
"773315894","2012-10-09 00:00:00.0","2011-04-11 00:00:00.0","China"
"775076282","2014-03-09 00:00:00.0","2015-07-09 00:00:00.0","Eritrea"
"775171554","2013-06-12 00:00:00.0","2013-05-01 00:00:00.0","Panama"
"775278842","2011-03-08 00:00:00.0","2012-10-09 00:00:00.0","Luxembourg"
"775724732","2015-10-03 00:00:00.0","2016-08-03 00:00:00.0","Russia"
"777840888","2011-10-09 00:00:00.0","2012-11-10 00:00:00.0","Indonesia"
"778490626","2013-04-02 00:00:00.0","2012-12-03 00:00:00.0","Burkina Faso"
"778708636","2012-06-08 00:00:00.0","2010-02-09 00:00:00.0","Germany"
"778763139","2016-04-04 00:00:00.0","2014-09-05 00:00:00.0","Vatican City"
"779897391","2017-04-04 00:00:00.0","2016-05-05 00:00:00.0","Gabon"
"780282342","2014-09-11 00:00:00.0","2015-03-12 00:00:00.0","South Korea"
"781253516","2015-03-08 00:00:00.0","2014-01-09 00:00:00.0","Luxembourg"
"782857692","2013-11-04 00:00:00.0","2015-04-05 00:00:00.0","Slovakia"
"783596694","2011-02-11 00:00:00.0","2011-12-12 00:00:00.0","Malaysia"
"784117686","2017-03-07 00:00:00.0","2017-05-07 00:00:00.0","Solomon Islands"
"785261380","2013-10-05 00:00:00.0","2015-02-05 00:00:00.0","Yemen"
"786519229","2014-12-04 00:00:00.0","2013-07-06 00:00:00.0","The Bahamas"
"791975486","2018-03-02 00:00:00.0","2017-08-03 00:00:00.0","Serbia"
"792729079","2013-04-12 00:00:00.0","2013-05-01 00:00:00.0","Malawi"
"792983996","2018-07-10 00:00:00.0","2016-02-12 00:00:00.0","Netherlands"
"793938434","2016-09-01 00:00:00.0","2016-08-02 00:00:00.0","South Sudan"
"794969689","2012-07-10 00:00:00.0","2011-01-11 00:00:00.0","Comoros"
"795000588","2016-03-01 00:00:00.0","2016-08-01 00:00:00.0","Cote d'Ivoire"
"795315158","2012-02-10 00:00:00.0","2014-02-10 00:00:00.0","Morocco"
"795451629","2015-04-06 00:00:00.0","2016-07-06 00:00:00.0","Poland"
"798688733","2014-11-08 00:00:00.0","2015-06-09 00:00:00.0","Moldova "
"798784863","2017-02-04 00:00:00.0","2017-02-05 00:00:00.0","Dominican Republic"
"799003732","2014-01-07 00:00:00.0","2014-02-07 00:00:00.0","United States of America"
"800084340","2016-09-03 00:00:00.0","2017-09-04 00:00:00.0","Sudan"
"801093709","2014-10-08 00:00:00.0","2013-05-10 00:00:00.0","Tajikistan"
"801213872","2016-11-12 00:00:00.0","2019-04-01 00:00:00.0","Maldives"
"801590669","2013-03-01 00:00:00.0","2012-03-03 00:00:00.0","Somalia"
"802078616","2017-07-10 00:00:00.0","2015-09-12 00:00:00.0","Fiji"
"803517568","2017-09-07 00:00:00.0","2018-09-07 00:00:00.0","Marshall Islands"
"805484378","2016-06-03 00:00:00.0","2014-01-05 00:00:00.0","Mongolia"
"806298053","2012-11-09 00:00:00.0","2012-12-10 00:00:00.0","South Sudan"
"806662833","2013-05-02 00:00:00.0","2015-03-03 00:00:00.0","Uzbekistan"
"807281672","2015-06-12 00:00:00.0","2017-02-01 00:00:00.0","Guinea"
"807678210","2011-07-09 00:00:00.0","2012-06-10 00:00:00.0","Czech Republic"
"808538234","2016-07-12 00:00:00.0","2017-04-01 00:00:00.0","Afghanistan"
"808890140","2014-04-08 00:00:00.0","2013-10-09 00:00:00.0","Saudi Arabia"
"810871112","2013-06-01 00:00:00.0","2013-08-01 00:00:00.0","Romania"
"811546599","2014-10-04 00:00:00.0","2014-08-05 00:00:00.0","Portugal"
"811701095","2017-09-06 00:00:00.0","2018-07-07 00:00:00.0","United States of America"
"812295901","2013-02-01 00:00:00.0","2012-01-02 00:00:00.0","Italy"
"812344396","2016-02-07 00:00:00.0","2016-06-08 00:00:00.0","Guatemala"
"812613904","2012-03-01 00:00:00.0","2012-05-01 00:00:00.0","Tonga"
"812984693","2011-12-08 00:00:00.0","2012-10-08 00:00:00.0","Jordan"
"813209140","2014-02-06 00:00:00.0","2013-10-07 00:00:00.0","Portugal"
"816204202","2013-11-06 00:00:00.0","2012-01-07 00:00:00.0","Palau"
"816632068","2015-01-08 00:00:00.0","2016-07-09 00:00:00.0","Iran"
"816696012","2014-04-02 00:00:00.0","2015-04-02 00:00:00.0","Lithuania"
"817192542","2016-04-12 00:00:00.0","2017-10-12 00:00:00.0","Sudan"
"817740142","2013-02-08 00:00:00.0","2014-07-08 00:00:00.0","Luxembourg"
"817824685","2010-02-07 00:00:00.0","2012-03-07 00:00:00.0","Czech Republic"
"821587932","2011-02-03 00:00:00.0","2011-11-03 00:00:00.0","South Africa"
"821912801","2014-08-09 00:00:00.0","2014-03-10 00:00:00.0","Cape Verde"
"823444449","2016-04-10 00:00:00.0","2018-06-10 00:00:00.0","The Gambia"
"823699796","2017-04-03 00:00:00.0","2017-07-04 00:00:00.0","Japan"
"823739278","2012-06-11 00:00:00.0","2013-05-12 00:00:00.0","Nigeria"
"824200189","2016-12-11 00:00:00.0","2017-02-11 00:00:00.0","Albania"
"825143039","2016-05-12 00:00:00.0","2017-08-12 00:00:00.0","Netherlands"
"826916301","2018-03-12 00:00:00.0","2017-07-01 00:00:00.0","Estonia"
"827506387","2017-12-12 00:00:00.0","2019-06-01 00:00:00.0","Vietnam"
"827539861","2014-04-06 00:00:00.0","2012-01-07 00:00:00.0","Vanuatu"
"827964293","2013-04-05 00:00:00.0","2013-01-06 00:00:00.0","Philippines"
"829352176","2014-04-08 00:00:00.0","2015-02-08 00:00:00.0","North Korea"
"830923306","2012-05-05 00:00:00.0","2011-05-06 00:00:00.0","Zambia"
"832713305","2013-10-12 00:00:00.0","2013-09-02 00:00:00.0","Djibouti"
"834460818","2013-07-03 00:00:00.0","2013-07-03 00:00:00.0","Andorra"
"835054767","2015-02-09 00:00:00.0","2015-09-10 00:00:00.0","Niger"
"835572326","2011-04-07 00:00:00.0","2011-08-08 00:00:00.0","Nicaragua"
"837067067","2016-11-10 00:00:00.0","2017-02-10 00:00:00.0","Cote d'Ivoire"
"837407815","2016-09-07 00:00:00.0","2017-08-07 00:00:00.0","Kuwait"
"837855851","2015-08-11 00:00:00.0","2015-08-11 00:00:00.0","Norway"
"841138446","2011-06-11 00:00:00.0","2010-08-12 00:00:00.0","Egypt"
"841291654","2015-03-02 00:00:00.0","2016-08-03 00:00:00.0","Finland"
"841492497","2011-04-11 00:00:00.0","2012-07-12 00:00:00.0","Poland"
"844997823","2014-10-03 00:00:00.0","2016-02-04 00:00:00.0","Swaziland"
"845058763","2013-01-08 00:00:00.0","2013-10-09 00:00:00.0","Saint Lucia"
"847999322","2016-10-07 00:00:00.0","2015-06-08 00:00:00.0","Samoa "
"849312102","2013-09-10 00:00:00.0","2014-11-11 00:00:00.0","Maldives"
"849630105","2012-11-10 00:00:00.0","2012-09-11 00:00:00.0","Burkina Faso"
"850038230","2014-05-04 00:00:00.0","2015-09-04 00:00:00.0","Slovenia"
"850108611","2015-10-02 00:00:00.0","2017-01-02 00:00:00.0","Bulgaria"
"851299941","2013-04-01 00:00:00.0","2011-01-02 00:00:00.0","Greenland"
"851652705","2013-01-02 00:00:00.0","2014-03-03 00:00:00.0","Uganda"
"852176702","2011-05-04 00:00:00.0","2011-01-05 00:00:00.0","Austria"
"854095017","2011-04-02 00:00:00.0","2011-04-03 00:00:00.0","Libya"
"854545199","2014-12-09 00:00:00.0","2013-09-11 00:00:00.0","Trinidad and Tobago"
"855445134","2018-06-10 00:00:00.0","2016-06-12 00:00:00.0","Zimbabwe"
"858020055","2015-04-01 00:00:00.0","2015-05-01 00:00:00.0","Comoros"
"858611428","2014-03-12 00:00:00.0","2013-09-01 00:00:00.0","Monaco"
"858877503","2014-11-10 00:00:00.0","2013-06-11 00:00:00.0","Cape Verde"
"859686028","2017-01-06 00:00:00.0","2015-10-07 00:00:00.0","Mauritius "
"859909617","2013-09-12 00:00:00.0","2015-05-01 00:00:00.0","Mali"
"860232770","2016-01-05 00:00:00.0","2015-04-06 00:00:00.0","Malaysia"
"860287702","2014-05-08 00:00:00.0","2013-11-09 00:00:00.0","Sudan"
"860886800","2014-01-11 00:00:00.0","2014-11-11 00:00:00.0","Sri Lanka"
"860952031","2011-02-05 00:00:00.0","2012-01-05 00:00:00.0","Turkey"
"861462724","2011-11-03 00:00:00.0","2011-07-04 00:00:00.0","Mozambique"
"861601769","2011-08-10 00:00:00.0","2010-02-12 00:00:00.0","Uganda"
"864981782","2016-07-12 00:00:00.0","2015-11-02 00:00:00.0","Comoros"
"865650832","2015-06-11 00:00:00.0","2015-07-12 00:00:00.0","Taiwan"
"866004025","2018-05-02 00:00:00.0","2017-04-03 00:00:00.0","Tajikistan"
"866053378","2019-05-05 00:00:00.0","2018-10-06 00:00:00.0","Honduras"
"866792809","2017-06-03 00:00:00.0","2018-06-03 00:00:00.0","Rwanda"
"867222821","2016-06-01 00:00:00.0","2016-06-02 00:00:00.0","Turkey"
"867360150","2016-06-06 00:00:00.0","2015-01-07 00:00:00.0","Guinea-Bissau"
"867374312","2011-11-07 00:00:00.0","2011-03-08 00:00:00.0","Sierra Leone"
"867551982","2012-07-12 00:00:00.0","2011-03-01 00:00:00.0","Romania"
"869397771","2016-08-03 00:00:00.0","2016-05-04 00:00:00.0","Iceland"
"869589173","2017-12-02 00:00:00.0","2017-05-03 00:00:00.0","Moldova "
"869832932","2017-09-06 00:00:00.0","2019-01-07 00:00:00.0","Poland"
"872412145","2013-08-09 00:00:00.0","2015-01-09 00:00:00.0","Saint Kitts and Nevis "
"873105657","2015-10-06 00:00:00.0","2016-11-06 00:00:00.0","San Marino"
"873522365","2016-06-12 00:00:00.0","2016-01-01 00:00:00.0","Malaysia"
"875304210","2014-03-02 00:00:00.0","2013-12-03 00:00:00.0","Ethiopia"
"875370299","2014-11-12 00:00:00.0","2016-04-12 00:00:00.0","Iran"
"876286971","2012-05-01 00:00:00.0","2013-03-02 00:00:00.0","Greece"
"877259004","2017-03-02 00:00:00.0","2018-04-02 00:00:00.0","Vanuatu"
"877424657","2018-03-03 00:00:00.0","2016-10-04 00:00:00.0","Central African Republic"
"879107797","2015-02-10 00:00:00.0","2013-02-11 00:00:00.0","Iceland"
"880444610","2012-12-09 00:00:00.0","2014-07-10 00:00:00.0","Albania"
"880999934","2012-03-08 00:00:00.0","2011-04-09 00:00:00.0","Bulgaria"
"881974112","2012-08-06 00:00:00.0","2011-11-07 00:00:00.0","Vietnam"
"884216010","2016-01-11 00:00:00.0","2016-02-11 00:00:00.0","Palau"
"884493243","2014-09-08 00:00:00.0","2013-02-10 00:00:00.0","Rwanda"
"885129249","2013-01-08 00:00:00.0","2011-03-09 00:00:00.0","Japan"
"886628711","2019-04-02 00:00:00.0","2019-07-03 00:00:00.0","Bahrain"
"887180173","2010-07-09 00:00:00.0","2011-06-10 00:00:00.0","Norway"
"887313640","2013-09-04 00:00:00.0","2014-09-04 00:00:00.0","Oman"
"887400329","2015-04-06 00:00:00.0","2014-05-08 00:00:00.0","Czech Republic"
"887927329","2013-06-09 00:00:00.0","2011-02-10 00:00:00.0","Iraq"
"888248336","2010-01-11 00:00:00.0","2010-07-11 00:00:00.0","Tunisia "
"888647449","2014-02-01 00:00:00.0","2014-04-02 00:00:00.0","Saint Lucia"
"888670623","2016-02-12 00:00:00.0","2016-04-12 00:00:00.0","Azerbaijan"
"889740073","2016-09-01 00:00:00.0","2017-02-01 00:00:00.0","South Africa"
"890010011","2014-02-09 00:00:00.0","2013-02-10 00:00:00.0","Swaziland"
"890695369","2011-09-01 00:00:00.0","2012-11-02 00:00:00.0","Cuba"
"891271722","2018-04-02 00:00:00.0","2018-10-02 00:00:00.0","Kiribati"
"893779695","2017-06-09 00:00:00.0","2015-07-11 00:00:00.0","China"
"899659097","2014-05-11 00:00:00.0","2012-03-12 00:00:00.0","Turkmenistan"
"899853074","2011-03-10 00:00:00.0","2013-02-10 00:00:00.0","Cambodia"
"901180875","2011-10-05 00:00:00.0","2012-02-05 00:00:00.0","Slovenia"
"901573550","2016-08-11 00:00:00.0","2017-11-12 00:00:00.0","Belgium"
"901712167","2015-03-04 00:00:00.0","2016-05-04 00:00:00.0","Equatorial Guinea"
"902424991","2017-04-06 00:00:00.0","2016-04-07 00:00:00.0","Estonia"
"903278148","2017-10-03 00:00:00.0","2017-03-04 00:00:00.0","Fiji"
"903740775","2014-05-10 00:00:00.0","2015-11-10 00:00:00.0","Zimbabwe"
"905381858","2011-09-03 00:00:00.0","2011-08-04 00:00:00.0","New Zealand"
"905392587","2013-12-07 00:00:00.0","2013-04-08 00:00:00.0","Kiribati"
"907513463","2010-11-04 00:00:00.0","2011-07-04 00:00:00.0","Vatican City"
"908136594","2011-06-03 00:00:00.0","2011-10-03 00:00:00.0","United States of America"
"908627116","2013-03-11 00:00:00.0","2014-12-11 00:00:00.0","Malaysia"
"909053695","2010-03-06 00:00:00.0","2012-03-06 00:00:00.0","Hungary"
"914391076","2018-04-06 00:00:00.0","2016-04-08 00:00:00.0","Turkey"
"916881453","2017-03-10 00:00:00.0","2018-04-11 00:00:00.0","Uzbekistan"
"917834603","2017-09-01 00:00:00.0","2018-01-01 00:00:00.0","Saint Vincent and the Grenadines"
"918334138","2012-12-05 00:00:00.0","2012-12-06 00:00:00.0","Grenada"
"919890248","2017-09-04 00:00:00.0","2018-06-05 00:00:00.0","Nepal"
"921992242","2011-08-02 00:00:00.0","2010-04-03 00:00:00.0","Barbados"
"925264966","2016-06-09 00:00:00.0","2016-06-10 00:00:00.0","Cuba"
"925333631","2015-09-06 00:00:00.0","2017-01-07 00:00:00.0","Rwanda"
"925405299","2017-06-03 00:00:00.0","2015-01-05 00:00:00.0","Cuba"
"925504004","2016-05-10 00:00:00.0","2015-06-12 00:00:00.0","Cuba"
"927232635","2017-03-10 00:00:00.0","2017-12-11 00:00:00.0","Bangladesh"
"927666509","2014-03-06 00:00:00.0","2013-05-07 00:00:00.0","Bahrain"
"927766072","2018-10-05 00:00:00.0","2018-08-06 00:00:00.0","Netherlands"
"928647124","2016-11-08 00:00:00.0","2017-06-08 00:00:00.0","Cuba"
"933924853","2016-06-08 00:00:00.0","2015-01-09 00:00:00.0","Nicaragua"
"935371100","2016-09-06 00:00:00.0","2015-06-07 00:00:00.0","Sweden"
"935644042","2015-03-03 00:00:00.0","2014-03-05 00:00:00.0","Tuvalu"
"936042296","2010-12-02 00:00:00.0","2011-05-03 00:00:00.0","Singapore"
"936387765","2013-04-01 00:00:00.0","2014-05-02 00:00:00.0","Guatemala"
"936574876","2013-09-12 00:00:00.0","2014-09-01 00:00:00.0","Yemen"
"938025844","2016-04-12 00:00:00.0","2017-09-01 00:00:00.0","Iran"
"939787089","2015-08-09 00:00:00.0","2015-09-09 00:00:00.0","Egypt"
"940870702","2010-08-11 00:00:00.0","2011-09-11 00:00:00.0","Solomon Islands"
"940904176","2013-08-12 00:00:00.0","2014-07-01 00:00:00.0","Niger"
"941323029","2017-05-10 00:00:00.0","2018-03-10 00:00:00.0","Jamaica"
"941909682","2015-01-07 00:00:00.0","2014-01-08 00:00:00.0","Cyprus"
"942700612","2011-10-04 00:00:00.0","2010-06-06 00:00:00.0","Somalia"
"944415509","2017-01-06 00:00:00.0","2018-11-06 00:00:00.0","Morocco"
"944635236","2011-10-06 00:00:00.0","2012-03-07 00:00:00.0","Netherlands"
"945717132","2014-07-01 00:00:00.0","2013-01-02 00:00:00.0","Central African Republic"
"946759974","2013-02-08 00:00:00.0","2013-02-09 00:00:00.0","Lesotho"
"947434604","2017-05-02 00:00:00.0","2018-07-02 00:00:00.0","Sweden"
"947620856","2015-12-08 00:00:00.0","2014-03-09 00:00:00.0","Swaziland"
"947779643","2016-05-11 00:00:00.0","2016-05-12 00:00:00.0","Greece"
"948607051","2016-04-10 00:00:00.0","2017-03-11 00:00:00.0","Haiti"
"950427091","2011-11-08 00:00:00.0","2011-02-09 00:00:00.0","Egypt"
"951380240","2011-05-11 00:00:00.0","2011-08-12 00:00:00.0","Burundi"
"952714908","2014-10-01 00:00:00.0","2016-01-02 00:00:00.0","Italy"
"953293836","2011-08-06 00:00:00.0","2011-10-07 00:00:00.0","Costa Rica"
"953554761","2016-12-06 00:00:00.0","2017-04-07 00:00:00.0","Bahrain"
"954092919","2018-03-04 00:00:00.0","2017-11-05 00:00:00.0","Saint Kitts and Nevis "
"954259860","2016-09-05 00:00:00.0","2015-04-06 00:00:00.0","United Arab Emirates"
"956433522","2016-07-08 00:00:00.0","2015-12-09 00:00:00.0","Portugal"
"957276809","2011-07-10 00:00:00.0","2011-04-11 00:00:00.0","Germany"
"957547605","2014-07-10 00:00:00.0","2014-09-11 00:00:00.0","Saint Vincent and the Grenadines"
"957553613","2014-06-12 00:00:00.0","2014-10-01 00:00:00.0","El Salvador"
"958840644","2011-12-05 00:00:00.0","2010-02-06 00:00:00.0","Georgia"
"958912742","2013-05-05 00:00:00.0","2014-04-06 00:00:00.0","Djibouti"
"958937633","2018-10-05 00:00:00.0","2017-05-07 00:00:00.0","Madagascar"
"959853875","2012-12-04 00:00:00.0","2012-04-05 00:00:00.0","France"
"960085189","2013-01-01 00:00:00.0","2012-01-02 00:00:00.0","Nigeria"
"960269725","2016-09-01 00:00:00.0","2016-10-02 00:00:00.0","Benin"
"960486018","2013-06-06 00:00:00.0","2013-04-07 00:00:00.0","Lesotho"
"960905301","2011-09-11 00:00:00.0","2012-01-11 00:00:00.0","Oman"
"962186753","2018-02-11 00:00:00.0","2017-12-01 00:00:00.0","Benin"
"964214932","2016-03-03 00:00:00.0","2016-07-03 00:00:00.0","Libya"
"967328870","2011-01-01 00:00:00.0","2011-03-01 00:00:00.0","Ethiopia"
"967644727","2014-10-04 00:00:00.0","2015-06-04 00:00:00.0","Afghanistan"
"968554103","2011-04-04 00:00:00.0","2011-08-04 00:00:00.0","Romania"
"969616687","2013-02-06 00:00:00.0","2015-04-06 00:00:00.0","New Zealand"
"970611894","2015-11-10 00:00:00.0","2014-10-11 00:00:00.0","Singapore"
"971377074","2017-03-05 00:00:00.0","2017-03-05 00:00:00.0","Burkina Faso"
"971916091","2015-04-12 00:00:00.0","2016-07-01 00:00:00.0","Moldova "
"972678697","2012-02-01 00:00:00.0","2013-01-02 00:00:00.0","Egypt"
"973208701","2017-01-12 00:00:00.0","2018-04-12 00:00:00.0","Slovenia"
"974337804","2016-02-07 00:00:00.0","2015-07-08 00:00:00.0","North Korea"
"974655807","2015-03-07 00:00:00.0","2015-11-07 00:00:00.0","Saint Vincent and the Grenadines"
"975002133","2015-04-03 00:00:00.0","2013-07-04 00:00:00.0","Moldova "
"976871955","2011-05-07 00:00:00.0","2012-07-08 00:00:00.0","Thailand"
"977313554","2015-08-02 00:00:00.0","2017-05-03 00:00:00.0","Liberia"
"977499377","2011-12-06 00:00:00.0","2010-12-08 00:00:00.0","Greenland"
"978349959","2014-09-04 00:00:00.0","2014-09-05 00:00:00.0","Belgium"
"979165780","2014-02-02 00:00:00.0","2014-10-02 00:00:00.0","Austria"
"980459678","2016-02-01 00:00:00.0","2015-09-02 00:00:00.0","Albania"
"980612885","2011-04-09 00:00:00.0","2011-04-09 00:00:00.0","Montenegro"
"981086671","2013-06-10 00:00:00.0","2013-09-11 00:00:00.0","Japan"
"984673964","2016-01-02 00:00:00.0","2015-05-03 00:00:00.0","United States of America"
"985092818","2012-04-05 00:00:00.0","2011-05-07 00:00:00.0","Estonia"
"985665738","2014-02-04 00:00:00.0","2015-07-05 00:00:00.0","Cuba"
"986442506","2014-07-12 00:00:00.0","2014-01-01 00:00:00.0","Lithuania"
"987714517","2018-11-07 00:00:00.0","2017-11-09 00:00:00.0","Madagascar"
"989119565","2015-02-12 00:00:00.0","2014-06-01 00:00:00.0","Croatia"
"989691627","2015-01-06 00:00:00.0","2013-10-07 00:00:00.0","Andorra"
"989928519","2010-04-04 00:00:00.0","2010-11-04 00:00:00.0","Maldives"
"990708720","2014-01-03 00:00:00.0","2012-04-05 00:00:00.0","Cambodia"
"991644704","2018-03-04 00:00:00.0","2017-06-05 00:00:00.0","Papua New Guinea"
"991831386","2017-05-01 00:00:00.0","2018-05-01 00:00:00.0","Tuvalu"
"994566810","2016-02-08 00:00:00.0","2016-01-09 00:00:00.0","Mauritius "
"995529830","2013-05-11 00:00:00.0","2014-05-12 00:00:00.0","India"
